
CREATE TABLE customers (
    customer_id   CHAR(4)      NOT NULL,
    customer_name VARCHAR(100) NOT NULL,
    email         VARCHAR(150) NOT NULL,
    city          VARCHAR(100) NOT NULL,
    CONSTRAINT pk_customers PRIMARY KEY (customer_id)
);

INSERT INTO customers (customer_id, customer_name, email, city) VALUES
    ('C001', 'Rohan Mehta',  'rohan@gmail.com',  'Mumbai'),
    ('C002', 'Priya Sharma', 'priya@gmail.com',  'Delhi'),
    ('C003', 'Amit Verma',   'amit@gmail.com',   'Bangalore'),
    ('C004', 'Sneha Iyer',   'sneha@gmail.com',  'Chennai'),
    ('C005', 'Vikram Singh', 'vikram@gmail.com', 'Mumbai'),
    ('C006', 'Neha Gupta',   'neha@gmail.com',   'Delhi'),
    ('C007', 'Arjun Nair',   'arjun@gmail.com',  'Bangalore'),
    ('C008', 'Kavya Rao',    'kavya@gmail.com',  'Hyderabad');


-- -----------------------------------------------------------------------------
-- TABLE: products
-- Stores one row per product.  Eliminates the delete anomaly where dropping the
-- only order for a product (e.g. ORD1185 / Webcam P008) would erase the
-- product record entirely.
-- -----------------------------------------------------------------------------
CREATE TABLE products (
    product_id   CHAR(4)      NOT NULL,
    product_name VARCHAR(150) NOT NULL,
    category     VARCHAR(100) NOT NULL,
    unit_price   NUMERIC(10,2) NOT NULL CHECK (unit_price >= 0),
    CONSTRAINT pk_products PRIMARY KEY (product_id)
);

INSERT INTO products (product_id, product_name, category, unit_price) VALUES
    ('P001', 'Laptop',        'Electronics', 55000.00),
    ('P002', 'Mouse',         'Electronics',   800.00),
    ('P003', 'Desk Chair',    'Furniture',    8500.00),
    ('P004', 'Notebook',      'Stationery',    120.00),
    ('P005', 'Headphones',    'Electronics',  3200.00),
    ('P006', 'Standing Desk', 'Furniture',   22000.00),
    ('P007', 'Pen Set',       'Stationery',    250.00),
    ('P008', 'Webcam',        'Electronics',  2100.00);


-- -----------------------------------------------------------------------------
-- TABLE: sales_reps
-- Stores one row per sales representative.  Eliminates the update anomaly where
-- SR01's office_address was stored in two different forms across 83 order rows
-- ("Nariman Point" vs "Nariman Pt").  Now office_address is stored once and a
-- single UPDATE keeps every order reference consistent.
-- -----------------------------------------------------------------------------
CREATE TABLE sales_reps (
    sales_rep_id   CHAR(4)      NOT NULL,
    sales_rep_name VARCHAR(100) NOT NULL,
    email          VARCHAR(150) NOT NULL,
    office_address VARCHAR(255) NOT NULL,
    CONSTRAINT pk_sales_reps PRIMARY KEY (sales_rep_id)
);

INSERT INTO sales_reps (sales_rep_id, sales_rep_name, email, office_address) VALUES
    ('SR01', 'Deepak Joshi', 'deepak@corp.com', 'Mumbai HQ, Nariman Point, Mumbai - 400021'),
    ('SR02', 'Anita Desai',  'anita@corp.com',  'Delhi Office, Connaught Place, New Delhi - 110001'),
    ('SR03', 'Ravi Kumar',   'ravi@corp.com',   'South Zone, MG Road, Bangalore - 560001');


-- -----------------------------------------------------------------------------
-- TABLE: orders
-- Each row is one line item (one product on one order).  Foreign keys reference
-- the three dimension tables above.  quantity and order_date are genuine facts
-- about the order itself and are not derivable from any single FK column, so
-- this table is in 3NF.
--
-- order_id + product_id forms the composite primary key because the source data
-- has one row per (order, product) combination.
-- -----------------------------------------------------------------------------
CREATE TABLE orders (
    order_id     CHAR(7)      NOT NULL,
    customer_id  CHAR(4)      NOT NULL,
    product_id   CHAR(4)      NOT NULL,
    sales_rep_id CHAR(4)      NOT NULL,
    quantity     SMALLINT     NOT NULL CHECK (quantity > 0),
    order_date   DATE         NOT NULL,
    CONSTRAINT pk_orders      PRIMARY KEY (order_id, product_id),
    CONSTRAINT fk_ord_customer  FOREIGN KEY (customer_id)  REFERENCES customers (customer_id),
    CONSTRAINT fk_ord_product   FOREIGN KEY (product_id)   REFERENCES products  (product_id),
    CONSTRAINT fk_ord_sales_rep FOREIGN KEY (sales_rep_id) REFERENCES sales_reps(sales_rep_id)
);

INSERT INTO orders (order_id, customer_id, product_id, sales_rep_id, quantity, order_date) VALUES
    ('ORD1000', 'C002', 'P001', 'SR03', 2, '2023-05-21'),
    ('ORD1001', 'C004', 'P002', 'SR03', 5, '2023-02-22'),
    ('ORD1002', 'C002', 'P005', 'SR02', 1, '2023-01-17'),
    ('ORD1003', 'C002', 'P002', 'SR01', 5, '2023-09-16'),
    ('ORD1004', 'C001', 'P005', 'SR01', 5, '2023-11-29'),
    ('ORD1005', 'C007', 'P002', 'SR02', 3, '2023-10-29'),
    ('ORD1006', 'C001', 'P007', 'SR01', 4, '2023-12-24'),
    ('ORD1007', 'C006', 'P003', 'SR01', 3, '2023-04-21'),
    ('ORD1008', 'C002', 'P001', 'SR02', 3, '2023-02-19'),
    ('ORD1009', 'C006', 'P005', 'SR02', 4, '2023-01-23'),
    ('ORD1010', 'C002', 'P004', 'SR01', 3, '2023-10-10'),
    ('ORD1011', 'C006', 'P005', 'SR01', 1, '2023-12-27'),
    ('ORD1012', 'C001', 'P006', 'SR01', 1, '2023-05-29'),
    ('ORD1013', 'C004', 'P007', 'SR01', 3, '2023-07-14'),
    ('ORD1014', 'C008', 'P006', 'SR02', 3, '2023-03-25'),
    ('ORD1015', 'C006', 'P002', 'SR03', 1, '2023-05-17'),
    ('ORD1016', 'C003', 'P005', 'SR03', 2, '2023-05-06'),
    ('ORD1017', 'C008', 'P004', 'SR02', 5, '2023-11-24'),
    ('ORD1018', 'C004', 'P006', 'SR02', 2, '2023-01-29'),
    ('ORD1019', 'C001', 'P007', 'SR02', 3, '2023-07-25'),
    ('ORD1020', 'C002', 'P002', 'SR03', 2, '2023-06-11'),
    ('ORD1021', 'C008', 'P004', 'SR03', 2, '2023-08-23'),
    ('ORD1022', 'C005', 'P002', 'SR01', 5, '2023-10-15'),
    ('ORD1023', 'C005', 'P006', 'SR03', 5, '2023-08-08'),
    ('ORD1024', 'C007', 'P003', 'SR01', 5, '2023-03-12'),
    ('ORD1025', 'C008', 'P001', 'SR01', 2, '2023-02-26'),
    ('ORD1026', 'C003', 'P007', 'SR03', 5, '2023-08-05'),
    ('ORD1027', 'C002', 'P004', 'SR02', 4, '2023-11-02'),
    ('ORD1028', 'C005', 'P005', 'SR01', 1, '2023-12-15'),
    ('ORD1029', 'C005', 'P007', 'SR03', 1, '2023-06-24'),
    ('ORD1030', 'C005', 'P004', 'SR01', 1, '2023-08-21'),
    ('ORD1031', 'C005', 'P005', 'SR01', 1, '2023-09-17'),
    ('ORD1032', 'C005', 'P007', 'SR03', 5, '2023-09-17'),
    ('ORD1033', 'C004', 'P002', 'SR02', 5, '2023-03-24'),
    ('ORD1034', 'C001', 'P005', 'SR02', 1, '2023-09-08'),
    ('ORD1035', 'C002', 'P003', 'SR02', 1, '2023-05-03'),
    ('ORD1036', 'C004', 'P005', 'SR01', 4, '2023-02-13'),
    ('ORD1037', 'C002', 'P007', 'SR03', 2, '2023-03-06'),
    ('ORD1038', 'C008', 'P005', 'SR01', 5, '2023-05-16'),
    ('ORD1039', 'C007', 'P002', 'SR03', 2, '2023-12-20'),
    ('ORD1040', 'C005', 'P004', 'SR03', 3, '2023-11-29'),
    ('ORD1041', 'C008', 'P005', 'SR02', 2, '2023-03-03'),
    ('ORD1042', 'C004', 'P001', 'SR02', 5, '2023-01-11'),
    ('ORD1043', 'C004', 'P005', 'SR01', 1, '2023-01-04'),
    ('ORD1044', 'C001', 'P002', 'SR01', 3, '2023-01-17'),
    ('ORD1045', 'C002', 'P005', 'SR01', 4, '2023-05-23'),
    ('ORD1046', 'C004', 'P005', 'SR01', 5, '2023-10-20'),
    ('ORD1047', 'C008', 'P002', 'SR02', 2, '2023-07-28'),
    ('ORD1048', 'C002', 'P001', 'SR03', 3, '2023-08-09'),
    ('ORD1049', 'C007', 'P004', 'SR02', 1, '2023-01-28'),
    ('ORD1050', 'C001', 'P004', 'SR03', 1, '2023-06-23'),
    ('ORD1051', 'C004', 'P002', 'SR01', 4, '2023-10-02'),
    ('ORD1052', 'C003', 'P004', 'SR01', 4, '2023-05-23'),
    ('ORD1053', 'C004', 'P007', 'SR01', 5, '2023-08-15'),
    ('ORD1054', 'C002', 'P001', 'SR03', 1, '2023-10-04'),
    ('ORD1055', 'C002', 'P007', 'SR01', 4, '2023-03-27'),
    ('ORD1056', 'C008', 'P004', 'SR01', 1, '2023-07-25'),
    ('ORD1057', 'C003', 'P004', 'SR01', 3, '2023-07-19'),
    ('ORD1058', 'C008', 'P003', 'SR02', 5, '2023-12-23'),
    ('ORD1059', 'C008', 'P002', 'SR01', 2, '2023-06-01'),
    ('ORD1060', 'C001', 'P005', 'SR03', 1, '2023-10-05'),
    ('ORD1061', 'C006', 'P001', 'SR01', 4, '2023-10-27'),
    ('ORD1062', 'C003', 'P001', 'SR03', 2, '2023-02-11'),
    ('ORD1063', 'C002', 'P005', 'SR01', 2, '2023-12-12'),
    ('ORD1064', 'C007', 'P001', 'SR03', 5, '2023-05-07'),
    ('ORD1065', 'C001', 'P005', 'SR01', 5, '2023-08-03'),
    ('ORD1066', 'C006', 'P003', 'SR01', 3, '2023-12-09'),
    ('ORD1067', 'C004', 'P003', 'SR02', 3, '2023-03-09'),
    ('ORD1068', 'C008', 'P003', 'SR01', 4, '2023-01-05'),
    ('ORD1069', 'C002', 'P001', 'SR03', 5, '2023-04-20'),
    ('ORD1070', 'C005', 'P002', 'SR02', 2, '2023-02-05'),
    ('ORD1071', 'C006', 'P003', 'SR01', 5, '2023-08-13'),
    ('ORD1072', 'C005', 'P005', 'SR03', 1, '2023-09-28'),
    ('ORD1073', 'C005', 'P006', 'SR01', 3, '2023-03-10'),
    ('ORD1074', 'C002', 'P001', 'SR03', 2, '2023-10-11'),
    ('ORD1075', 'C005', 'P003', 'SR03', 3, '2023-04-18'),
    ('ORD1076', 'C004', 'P006', 'SR03', 5, '2023-05-16'),
    ('ORD1077', 'C008', 'P003', 'SR01', 4, '2023-02-17'),
    ('ORD1078', 'C005', 'P001', 'SR01', 2, '2023-06-20'),
    ('ORD1079', 'C005', 'P002', 'SR03', 5, '2023-08-15'),
    ('ORD1080', 'C007', 'P005', 'SR01', 1, '2023-02-27'),
    ('ORD1081', 'C003', 'P005', 'SR01', 5, '2023-07-09'),
    ('ORD1082', 'C003', 'P004', 'SR01', 3, '2023-01-22'),
    ('ORD1083', 'C006', 'P007', 'SR01', 2, '2023-07-03'),
    ('ORD1084', 'C004', 'P006', 'SR01', 5, '2023-07-01'),
    ('ORD1085', 'C007', 'P005', 'SR03', 2, '2023-03-21'),
    ('ORD1086', 'C003', 'P007', 'SR01', 1, '2023-07-31'),
    ('ORD1087', 'C003', 'P006', 'SR02', 2, '2023-07-30'),
    ('ORD1088', 'C005', 'P002', 'SR03', 4, '2023-02-25'),
    ('ORD1089', 'C001', 'P007', 'SR02', 2, '2023-04-24'),
    ('ORD1090', 'C008', 'P003', 'SR02', 2, '2023-04-27'),
    ('ORD1091', 'C001', 'P006', 'SR01', 3, '2023-07-24'),
    ('ORD1092', 'C005', 'P007', 'SR01', 3, '2023-05-23'),
    ('ORD1093', 'C007', 'P006', 'SR03', 1, '2023-06-19'),
    ('ORD1094', 'C002', 'P003', 'SR01', 3, '2023-10-25'),
    ('ORD1095', 'C001', 'P001', 'SR03', 3, '2023-08-11'),
    ('ORD1096', 'C006', 'P004', 'SR03', 1, '2023-09-19'),
    ('ORD1097', 'C007', 'P005', 'SR01', 1, '2023-05-11'),
    ('ORD1098', 'C007', 'P001', 'SR03', 2, '2023-10-03'),
    ('ORD1099', 'C006', 'P004', 'SR01', 3, '2023-12-07'),
    ('ORD1100', 'C006', 'P006', 'SR01', 5, '2023-06-03'),
    ('ORD1101', 'C005', 'P006', 'SR02', 4, '2023-06-17'),
    ('ORD1102', 'C005', 'P005', 'SR01', 4, '2023-04-09'),
    ('ORD1103', 'C007', 'P006', 'SR03', 5, '2023-03-31'),
    ('ORD1104', 'C005', 'P004', 'SR03', 3, '2023-01-01'),
    ('ORD1105', 'C005', 'P002', 'SR02', 5, '2023-10-24'),
    ('ORD1106', 'C006', 'P004', 'SR02', 2, '2023-08-15'),
    ('ORD1107', 'C008', 'P007', 'SR03', 1, '2023-03-28'),
    ('ORD1108', 'C005', 'P005', 'SR03', 5, '2023-11-21'),
    ('ORD1109', 'C006', 'P001', 'SR01', 3, '2023-12-11'),
    ('ORD1110', 'C004', 'P007', 'SR01', 1, '2023-03-17'),
    ('ORD1111', 'C001', 'P002', 'SR02', 1, '2023-11-09'),
    ('ORD1112', 'C008', 'P004', 'SR03', 2, '2023-10-22'),
    ('ORD1113', 'C007', 'P004', 'SR02', 2, '2023-05-05'),
    ('ORD1114', 'C001', 'P007', 'SR01', 2, '2023-08-06'),
    ('ORD1115', 'C003', 'P007', 'SR03', 4, '2023-09-23'),
    ('ORD1116', 'C001', 'P005', 'SR01', 4, '2023-03-04'),
    ('ORD1117', 'C003', 'P007', 'SR02', 5, '2023-12-08'),
    ('ORD1118', 'C006', 'P007', 'SR02', 5, '2023-11-10'),
    ('ORD1119', 'C007', 'P007', 'SR03', 2, '2023-08-17'),
    ('ORD1120', 'C008', 'P004', 'SR02', 3, '2023-05-07'),
    ('ORD1121', 'C008', 'P006', 'SR01', 4, '2023-05-21'),
    ('ORD1122', 'C002', 'P006', 'SR02', 3, '2023-05-01'),
    ('ORD1123', 'C006', 'P003', 'SR03', 2, '2023-02-11'),
    ('ORD1124', 'C003', 'P002', 'SR02', 2, '2023-12-22'),
    ('ORD1125', 'C004', 'P001', 'SR02', 3, '2023-07-28'),
    ('ORD1126', 'C008', 'P004', 'SR01', 4, '2023-04-16'),
    ('ORD1127', 'C007', 'P007', 'SR03', 1, '2023-12-23'),
    ('ORD1128', 'C007', 'P004', 'SR01', 3, '2023-06-30'),
    ('ORD1129', 'C007', 'P007', 'SR02', 5, '2023-10-03'),
    ('ORD1130', 'C004', 'P004', 'SR01', 4, '2023-05-20'),
    ('ORD1131', 'C008', 'P001', 'SR02', 4, '2023-06-22'),
    ('ORD1132', 'C003', 'P007', 'SR02', 5, '2023-03-07'),
    ('ORD1133', 'C001', 'P004', 'SR03', 1, '2023-10-16'),
    ('ORD1134', 'C002', 'P006', 'SR02', 4, '2023-03-11'),
    ('ORD1135', 'C003', 'P001', 'SR02', 3, '2023-07-14'),
    ('ORD1136', 'C004', 'P004', 'SR02', 4, '2023-06-22'),
    ('ORD1137', 'C005', 'P007', 'SR02', 1, '2023-05-10'),
    ('ORD1138', 'C008', 'P001', 'SR03', 1, '2023-10-04'),
    ('ORD1139', 'C006', 'P002', 'SR03', 1, '2023-02-05'),
    ('ORD1140', 'C001', 'P002', 'SR01', 5, '2023-01-11'),
    ('ORD1141', 'C003', 'P002', 'SR01', 1, '2023-08-31'),
    ('ORD1142', 'C004', 'P004', 'SR03', 3, '2023-05-12'),
    ('ORD1143', 'C003', 'P005', 'SR03', 2, '2023-02-28'),
    ('ORD1144', 'C005', 'P001', 'SR03', 3, '2023-01-14'),
    ('ORD1145', 'C007', 'P004', 'SR03', 1, '2023-04-12'),
    ('ORD1146', 'C004', 'P001', 'SR03', 5, '2023-06-04'),
    ('ORD1147', 'C002', 'P007', 'SR03', 3, '2023-01-22'),
    ('ORD1148', 'C007', 'P006', 'SR02', 5, '2023-02-05'),
    ('ORD1149', 'C006', 'P001', 'SR02', 1, '2023-09-08'),
    ('ORD1150', 'C007', 'P003', 'SR03', 2, '2023-08-24'),
    ('ORD1151', 'C007', 'P002', 'SR03', 3, '2023-09-25'),
    ('ORD1152', 'C008', 'P004', 'SR02', 3, '2023-10-31'),
    ('ORD1153', 'C006', 'P007', 'SR01', 3, '2023-02-14'),
    ('ORD1154', 'C008', 'P002', 'SR02', 5, '2023-10-19'),
    ('ORD1155', 'C007', 'P003', 'SR01', 3, '2023-09-11'),
    ('ORD1156', 'C003', 'P004', 'SR01', 3, '2023-07-01'),
    ('ORD1157', 'C006', 'P003', 'SR03', 3, '2023-12-26'),
    ('ORD1158', 'C001', 'P005', 'SR01', 2, '2023-02-13'),
    ('ORD1159', 'C007', 'P004', 'SR03', 4, '2023-05-04'),
    ('ORD1160', 'C008', 'P004', 'SR01', 3, '2023-02-17'),
    ('ORD1161', 'C004', 'P004', 'SR03', 3, '2023-05-05'),
    ('ORD1162', 'C006', 'P004', 'SR03', 3, '2023-09-29'),
    ('ORD1163', 'C007', 'P006', 'SR03', 3, '2023-06-19'),
    ('ORD1164', 'C008', 'P003', 'SR02', 2, '2023-05-09'),
    ('ORD1165', 'C002', 'P006', 'SR01', 1, '2023-06-11'),
    ('ORD1166', 'C003', 'P002', 'SR01', 3, '2023-09-05'),
    ('ORD1167', 'C005', 'P001', 'SR01', 2, '2023-06-01'),
    ('ORD1168', 'C006', 'P002', 'SR02', 5, '2023-01-08'),
    ('ORD1169', 'C003', 'P003', 'SR01', 5, '2023-01-28'),
    ('ORD1170', 'C005', 'P006', 'SR01', 3, '2023-03-06'),
    ('ORD1171', 'C008', 'P001', 'SR01', 3, '2023-01-07'),
    ('ORD1172', 'C005', 'P004', 'SR01', 2, '2023-09-03'),
    ('ORD1173', 'C006', 'P002', 'SR01', 2, '2023-01-27'),
    ('ORD1174', 'C008', 'P001', 'SR01', 2, '2023-02-03'),
    ('ORD1175', 'C008', 'P001', 'SR01', 3, '2023-10-23'),
    ('ORD1176', 'C001', 'P002', 'SR01', 3, '2023-03-18'),
    ('ORD1177', 'C005', 'P001', 'SR01', 1, '2023-05-08'),
    ('ORD1178', 'C007', 'P005', 'SR01', 3, '2023-11-02'),
    ('ORD1179', 'C004', 'P007', 'SR01', 2, '2023-09-25'),
    ('ORD1180', 'C008', 'P004', 'SR01', 3, '2023-06-02'),
    ('ORD1181', 'C007', 'P003', 'SR01', 3, '2023-10-19'),
    ('ORD1182', 'C001', 'P005', 'SR01', 1, '2023-02-20'),
    ('ORD1183', 'C004', 'P003', 'SR01', 1, '2023-12-05'),
    ('ORD1184', 'C003', 'P002', 'SR01', 3, '2023-03-30'),
    ('ORD1185', 'C003', 'P008', 'SR03', 1, '2023-06-15');
